INSERT INTO OBJECTS(OBJECT_ID, PARENT_ID, OBJECT_TYPE_ID, NAME, DESCRIPTION)
VALUES (-5006, NULL, 1, 'testAssembly1', NULL);
INSERT INTO OBJECTS(OBJECT_ID, PARENT_ID, OBJECT_TYPE_ID, NAME, DESCRIPTION)
VALUES (-5013, NULL, 1, 'testAssembly2', NULL);
INSERT INTO OBJECTS(OBJECT_ID, PARENT_ID, OBJECT_TYPE_ID, NAME, DESCRIPTION)
VALUES (-5001, -5006, 8, 'testComment1', NULL);
INSERT INTO OBJECTS(OBJECT_ID, PARENT_ID, OBJECT_TYPE_ID, NAME, DESCRIPTION)
VALUES (-5002, -5006, 8, 'testComment2', NULL);
INSERT INTO OBJECTS(OBJECT_ID, PARENT_ID, OBJECT_TYPE_ID, NAME, DESCRIPTION)
VALUES (-5003, -5006, 8, 'testComment3', NULL);
INSERT INTO OBJECTS(OBJECT_ID, PARENT_ID, OBJECT_TYPE_ID, NAME, DESCRIPTION)
VALUES (-5004, -5006, 8, 'testComment4', NULL);
INSERT INTO OBJECTS (OBJECT_ID, PARENT_ID, OBJECT_TYPE_ID, NAME, DESCRIPTION)
VALUES (-5007, NULL, 7, 'testUser1', NULL);

INSERT INTO ATTRIBUTES(ATTR_ID, OBJECT_ID, VALUE)
VALUES(38, -5007, '1');
INSERT INTO ATTRIBUTES(ATTR_ID, OBJECT_ID, VALUE)
VALUES(39, -5007, 'password1');
INSERT INTO ATTRIBUTES(ATTR_ID, OBJECT_ID, VALUE)
VALUES(40, -5007, 'user1@gmail.com');
INSERT INTO ATTRIBUTES(ATTR_ID, OBJECT_ID, DATE_VALUE)
VALUES(41, -5007, '12/10/2021');
INSERT INTO ATTRIBUTES(ATTR_ID, OBJECT_ID, LIST_VALUE_ID)
VALUES(42, -5007, 87);

INSERT INTO ATTRIBUTES(ATTR_ID, OBJECT_ID, VALUE)
VALUES(43, -5001, 'Good!');
INSERT INTO ATTRIBUTES(ATTR_ID, OBJECT_ID, DATE_VALUE)
VALUES(45, -5001, TO_DATE('10/08/2020 10:10', 'dd/mm/yyyy hh24:mi'));
INSERT INTO ATTRIBUTES(ATTR_ID, OBJECT_ID, VALUE)
VALUES(43, -5002, 'OMG!');
INSERT INTO ATTRIBUTES(ATTR_ID, OBJECT_ID, DATE_VALUE)
VALUES(45, -5002, TO_DATE('10/08/2020 10:10', 'dd/mm/yyyy hh24:mi'));
INSERT INTO ATTRIBUTES(ATTR_ID, OBJECT_ID, VALUE)
VALUES(43, -5003, 'Hello world');
INSERT INTO ATTRIBUTES(ATTR_ID, OBJECT_ID, DATE_VALUE)
VALUES(45, -5003, TO_DATE('10/08/2020 10:10', 'dd/mm/yyyy hh24:mi'));
INSERT INTO ATTRIBUTES(ATTR_ID, OBJECT_ID, VALUE)
VALUES(43, -5004, 'Cool assembly2!');
INSERT INTO ATTRIBUTES(ATTR_ID, OBJECT_ID, DATE_VALUE)
VALUES(45, -5004, TO_DATE('10/08/2020 10:10', 'dd/mm/yyyy hh24:mi'));
INSERT INTO ATTRIBUTES(ATTR_ID, OBJECT_ID, VALUE)
VALUES(8, -5006, '120');

INSERT INTO OBJECTS (OBJECT_ID,PARENT_ID,OBJECT_TYPE_ID,NAME,DESCRIPTION)
VALUES (-5008, NULL, 2, 'testMB1',NULL);

INSERT INTO ATTRIBUTES(ATTR_ID, OBJECT_ID, LIST_VALUE_ID)
VALUES(9, -5008, 1);
INSERT INTO ATTRIBUTES(ATTR_ID, OBJECT_ID, LIST_VALUE_ID)
VALUES(10, -5008, 10);
INSERT INTO ATTRIBUTES(ATTR_ID, OBJECT_ID, LIST_VALUE_ID)
VALUES(11, -5008, 21);

INSERT INTO OBJECTS (OBJECT_ID,PARENT_ID,OBJECT_TYPE_ID,NAME,DESCRIPTION)
VALUES (-5009, NULL,3,'testCPU1',NULL);

INSERT INTO ATTRIBUTES(ATTR_ID, OBJECT_ID, LIST_VALUE_ID)
VALUES(12, -5009, 23);
INSERT INTO ATTRIBUTES(ATTR_ID, OBJECT_ID, LIST_VALUE_ID)
VALUES(13, -5009, 27);
INSERT INTO ATTRIBUTES(ATTR_ID, OBJECT_ID, LIST_VALUE_ID)
VALUES(14, -5009, 34);
INSERT INTO ATTRIBUTES(ATTR_ID, OBJECT_ID, LIST_VALUE_ID)
VALUES(15, -5009, 38);
INSERT INTO ATTRIBUTES(ATTR_ID, OBJECT_ID, VALUE)
VALUES(16, -5009, '8');
INSERT INTO ATTRIBUTES(ATTR_ID, OBJECT_ID, VALUE)
VALUES(17, -5009, '16');
INSERT INTO ATTRIBUTES(ATTR_ID, OBJECT_ID, VALUE)
VALUES(18, -5009, '3800');
INSERT INTO ATTRIBUTES(ATTR_ID, OBJECT_ID, VALUE)
VALUES(19, -5009, '125');

INSERT INTO OBJECTS (OBJECT_ID,PARENT_ID,OBJECT_TYPE_ID,NAME,DESCRIPTION)
VALUES (-5010, NULL,4,'testGPU1',NULL);

INSERT INTO ATTRIBUTES(ATTR_ID, OBJECT_ID, LIST_VALUE_ID)
VALUES(20, -5010, 44);
INSERT INTO ATTRIBUTES(ATTR_ID, OBJECT_ID, LIST_VALUE_ID)
VALUES(21, -5010, 52);
INSERT INTO ATTRIBUTES(ATTR_ID, OBJECT_ID, VALUE)
VALUES(22, -5010, '8');
INSERT INTO ATTRIBUTES(ATTR_ID, OBJECT_ID, VALUE)
VALUES(23, -5010, '1695');
INSERT INTO ATTRIBUTES(ATTR_ID, OBJECT_ID, VALUE)
VALUES(24, -5010, '10010');
INSERT INTO ATTRIBUTES(ATTR_ID, OBJECT_ID, VALUE)
VALUES(25, -5010, '500');

INSERT INTO OBJECTS (OBJECT_ID,PARENT_ID,OBJECT_TYPE_ID,NAME,DESCRIPTION)
VALUES (-5011, NULL,5,'testRAM1',NULL);

INSERT INTO ATTRIBUTES(ATTR_ID, OBJECT_ID, VALUE)
VALUES(26, -5011, '16');
INSERT INTO ATTRIBUTES(ATTR_ID, OBJECT_ID, VALUE)
VALUES(27, -5011, '2666');
INSERT INTO ATTRIBUTES(ATTR_ID, OBJECT_ID, VALUE)
VALUES(28, -5011, '77-7-21');
INSERT INTO ATTRIBUTES(ATTR_ID, OBJECT_ID, VALUE)
VALUES(29, -5011,'1.2');

INSERT INTO OBJECTS (OBJECT_ID,PARENT_ID,OBJECT_TYPE_ID,NAME,DESCRIPTION)
VALUES (-5012, -5006, 6, 'testOverclock1',NULL);

INSERT INTO ATTRIBUTES(ATTR_ID, OBJECT_ID, VALUE)
VALUES(30, -5012, '5.0');
INSERT INTO ATTRIBUTES(ATTR_ID, OBJECT_ID, VALUE)
VALUES(31, -5012, '2.1');
INSERT INTO ATTRIBUTES(ATTR_ID, OBJECT_ID, VALUE)
VALUES(32, -5012, '1100');
INSERT INTO ATTRIBUTES(ATTR_ID, OBJECT_ID, VALUE)
VALUES(33, -5012, '5000');
INSERT INTO ATTRIBUTES(ATTR_ID, OBJECT_ID, VALUE)
VALUES(34, -5012, '2.1');
INSERT INTO ATTRIBUTES(ATTR_ID, OBJECT_ID, VALUE)
VALUES(35, -5012, '1.4');
INSERT INTO ATTRIBUTES(ATTR_ID, OBJECT_ID, VALUE)
VALUES(36, -5012, '5-5-5-15');
INSERT INTO ATTRIBUTES(ATTR_ID, OBJECT_ID, VALUE)
VALUES(37, -5012, '4400');

INSERT INTO OBJREFERENCE (ATTR_ID, OBJECT_ID, REFERENCE) VALUES (1, -5007, -5006);
INSERT INTO OBJREFERENCE (ATTR_ID, OBJECT_ID, REFERENCE) VALUES (2, -5012, -5006);
INSERT INTO OBJREFERENCE (ATTR_ID, OBJECT_ID, REFERENCE) VALUES (3, -5008, -5006);
INSERT INTO OBJREFERENCE (ATTR_ID, OBJECT_ID, REFERENCE) VALUES (4, -5009, -5006);
INSERT INTO OBJREFERENCE (ATTR_ID, OBJECT_ID, REFERENCE) VALUES (5, -5010, -5006);
INSERT INTO OBJREFERENCE (ATTR_ID, OBJECT_ID, REFERENCE) VALUES (6, -5011, -5006);

INSERT INTO OBJREFERENCE (ATTR_ID, OBJECT_ID, REFERENCE) VALUES (7, -5001, -5006);
INSERT INTO OBJREFERENCE (ATTR_ID, OBJECT_ID, REFERENCE) VALUES (7, -5002, -5006);
INSERT INTO OBJREFERENCE (ATTR_ID, OBJECT_ID, REFERENCE) VALUES (7, -5003, -5006);
INSERT INTO OBJREFERENCE (ATTR_ID, OBJECT_ID, REFERENCE) VALUES (7, -5004, -5006);
INSERT INTO OBJREFERENCE (ATTR_ID, OBJECT_ID, REFERENCE) VALUES (44, -5007, -5001);
INSERT INTO OBJREFERENCE (ATTR_ID, OBJECT_ID, REFERENCE) VALUES (44, -5007, -5002);
INSERT INTO OBJREFERENCE (ATTR_ID, OBJECT_ID, REFERENCE) VALUES (44, -5007, -5003);
INSERT INTO OBJREFERENCE (ATTR_ID, OBJECT_ID, REFERENCE) VALUES (44, -5007, -5004);

